<?xml version="1.0" encoding="UTF-8"?>
<config xmlns="http://www.knime.org/2008/09/XMLConfig" xmlns:xsi="http://www.w3.org/2001/XMLSchema-instance" xsi:schemaLocation="http://www.knime.org/2008/09/XMLConfig http://www.knime.org/XMLConfig_2008_09.xsd" key="spec.xml">
<entry key="spec_name" type="xstring" value="default"/>
<entry key="number_columns" type="xint" value="2"/>
<config key="column_spec_0">
<entry key="column_name" type="xstring" value="Generation"/>
<config key="element_names">
<entry key="array-size" type="xint" value="0"/>
</config>
<config key="column_type">
<entry key="cell_class" type="xstring" value="org.knime.core.data.def.IntCell"/>
</config>
<config key="column_domain">
<config key="lower_bound">
<entry key="datacell" type="xstring" value="org.knime.core.data.def.IntCell"/>
<config key="org.knime.core.data.def.IntCell">
<entry key="IntCell" type="xint" value="1"/>
</config>
</config>
<config key="upper_bound">
<entry key="datacell" type="xstring" value="org.knime.core.data.def.IntCell"/>
<config key="org.knime.core.data.def.IntCell">
<entry key="IntCell" type="xint" value="6"/>
</config>
</config>
</config>
<config key="column_properties"/>
</config>
<config key="column_spec_1">
<entry key="column_name" type="xstring" value="AggRules"/>
<config key="element_names">
<entry key="array-size" type="xint" value="18"/>
<entry key="0" type="xstring" value="Bug+Sum(Total)"/>
<entry key="1" type="xstring" value="Dragon+Sum(Total)"/>
<entry key="2" type="xstring" value="Electric+Sum(Total)"/>
<entry key="3" type="xstring" value="Fairy+Sum(Total)"/>
<entry key="4" type="xstring" value="Fighting+Sum(Total)"/>
<entry key="5" type="xstring" value="Fire+Sum(Total)"/>
<entry key="6" type="xstring" value="Ghost+Sum(Total)"/>
<entry key="7" type="xstring" value="Grass+Sum(Total)"/>
<entry key="8" type="xstring" value="Ground+Sum(Total)"/>
<entry key="9" type="xstring" value="Ice+Sum(Total)"/>
<entry key="10" type="xstring" value="Normal+Sum(Total)"/>
<entry key="11" type="xstring" value="Poison+Sum(Total)"/>
<entry key="12" type="xstring" value="Psychic+Sum(Total)"/>
<entry key="13" type="xstring" value="Rock+Sum(Total)"/>
<entry key="14" type="xstring" value="Water+Sum(Total)"/>
<entry key="15" type="xstring" value="Dark+Sum(Total)"/>
<entry key="16" type="xstring" value="Steel+Sum(Total)"/>
<entry key="17" type="xstring" value="Flying+Sum(Total)"/>
</config>
<config key="column_type">
<config key="collection_element_type">
<entry key="cell_class" type="xstring" value="org.knime.core.data.def.StringCell"/>
</config>
<entry key="cell_class" type="xstring" value="org.knime.core.data.collection.ListCell"/>
</config>
<config key="column_domain"/>
<config key="column_properties"/>
</config>
</config>
